index,parallax,parallax_error,phot_g_mean_mag
11635,5.68178803073777,0.081786945,16.788185
24183,5.549650664208544,0.21072316,18.250078
30224,5.462067705123808,0.020550763,10.951035
30957,5.916866474538442,0.014467586,12.97618
32836,5.948931116895545,0.121727124,17.409487
33035,5.701728804919137,0.07066401,16.749632
33364,5.862948706321455,0.13015619,17.789192
35155,5.670626703509246,0.013475753,12.3180685
38529,5.675330007298918,0.015334766,11.681706
38532,5.626714891827551,0.13054839,16.351892
40125,6.41925424935535,0.2356942,18.816158
41522,5.925298146572445,0.10530532,17.469803
41644,5.505089387934535,0.1616754,18.251122
42011,6.0053053934564185,0.07253793,16.282259
42703,6.060750957462435,0.036562987,15.407917
45184,5.581405506112139,0.044052944,15.836413
45728,5.661501839668845,0.116376325,17.682995
46682,5.616057129720976,0.06590507,16.400274
49153,5.775458659982278,0.01347716,12.592055
51995,5.732865669195781,0.015504917,9.9914055
52360,5.828768767281001,0.16715468,18.336311
60798,5.691513897298808,0.05752148,16.466213
61773,5.690332403503816,0.08264421,17.13766
63254,5.783242408751471,0.06940711,16.207382
71790,5.85535565345504,0.05749281,16.46497
81347,5.755152074725778,0.014100671,12.203257
89914,5.754329891701518,0.015784873,9.62862
102640,6.041827151456675,0.093770355,17.042953
103170,5.816478878141521,0.014551684,10.946137
113477,5.650042792819493,0.11077859,11.753772
116287,5.942590752606069,0.05108252,15.234892
116669,5.708089298319255,0.13906963,17.937328
130579,5.771484752343652,0.1444507,17.7239
136312,5.827579848008418,0.0139521975,12.821591
137771,6.063934585557211,0.057058588,16.464792
141640,5.425375846385425,0.014194682,12.036308
150590,5.671255592651555,0.13295442,17.756456
152527,5.7254061446457385,0.015231468,11.848379
157560,5.25956446508776,0.1955297,18.359978
162600,5.732290937722087,0.031604998,7.9508033
163337,5.774988077720336,0.071887575,16.720118
167793,5.846409113128125,0.08023545,16.757627
175383,5.7684676436837465,0.027292188,7.137924
179116,5.500631876777352,0.14761433,18.041134
180096,5.559262850713017,0.023307594,14.39319
181696,5.65630280833549,0.022690633,12.583142
181698,5.7277552454620455,0.013642381,12.293365
181915,5.64980015674504,0.014195644,12.792642
187061,5.653747263155304,0.015984911,12.864664
187944,5.791074808375304,0.018428247,11.648582
189127,5.662645847943602,0.07334965,16.743685
191354,5.51789424155509,0.018442148,9.892577
191807,5.188976003072901,0.34046417,19.24808
191923,5.747322254374898,0.031941388,15.2500925
192510,5.6147414190485545,0.06081911,16.39065
193420,5.654584849890019,0.023295436,14.665224
193898,5.628278330800551,0.06297175,16.66723
194642,5.646814393037899,0.017258137,10.987741
194728,5.68215419526091,0.030708712,7.9377513
195608,5.579686190922296,0.3106638,19.367195
195771,5.631567620027065,0.017280323,9.606756
198308,5.879240840328858,0.01772904,9.808981
200843,5.789081252627867,0.27638987,19.013239
201899,5.5686433855062525,0.09881163,17.452108
202544,5.758578586574885,0.018539788,13.865526
202572,5.792433042022293,0.06476687,16.568611
204010,5.567440737831689,0.12601645,17.74292
204881,5.652199125539105,0.06959562,16.643892
205886,5.490000205570961,0.08376308,16.972994
207198,5.632790157495477,0.02129559,10.235471
207324,5.705252898189679,0.013139447,13.105429
208321,5.694134714987886,0.051059943,14.121986
209174,5.792400970353115,0.08040236,16.745987
210101,5.775021191901242,0.124122545,17.765835
213376,5.699536808819107,0.04979472,16.339249
216193,5.55482330374479,0.11020167,17.509953
217081,5.864179171149797,0.09488494,17.30857
223881,5.789538130622901,0.29491425,18.997263
237297,5.657213410965904,0.026922086,14.876393
238294,6.086983252368382,0.094044454,11.751288
238295,5.568204740895147,0.14752017,18.003525
240091,5.813286946113899,0.077166006,16.910795
241166,5.644823068513395,0.037553236,14.900821
245101,5.687268677813783,0.15592286,17.9844
247735,5.660680503511356,0.19236678,18.406343
249503,5.780305317731679,0.045015287,6.757468
256750,5.320998151025632,0.015112022,9.7497635
257942,5.963532089446394,0.104787834,17.445696
257956,5.754205042975978,0.013702817,11.821054
258410,5.698584587572364,0.06434562,15.207898
261815,5.81603179778099,0.082263306,16.757069
262171,6.114786658097283,0.19296367,18.326555
265961,5.680503751424654,0.030926913,15.138004
266957,5.575725051366629,0.11293185,17.720016
273908,5.691220031885536,0.035654996,15.474178
274747,5.677636979126843,0.017395005,10.749389
283716,5.452730065916612,0.0926137,17.351364
290728,5.778759835770698,0.04832982,15.284637
291519,5.963529509467854,0.13312224,4.12316
291679,5.894995185292398,0.04032072,15.607744
294891,5.88473209052937,0.0219516,14.561473
295993,5.683432462200503,0.15025143,18.234009
297400,5.481730829643679,0.07235307,17.000109
298480,5.679894980558622,0.016285392,12.07791
299175,5.237488551019221,0.07510715,17.108425
302675,5.809316471778046,0.10901732,17.717247
305737,5.87382471027378,0.08880964,17.169783
305824,5.955633794651604,0.10704,17.262745
306019,5.525732535261708,0.012553723,12.497242
311941,5.733916443325817,0.09698552,16.831223
313507,5.7031915962275646,0.017953712,9.524423
316820,5.697964681696397,0.06988532,16.72831
320438,5.360946638822182,0.2640992,18.853926
323204,6.183298850449845,0.1761176,18.238
323911,5.853874643585364,0.089979716,17.251669
325293,5.766489722724725,0.03327184,6.8674097
328958,5.709392298663544,0.050335698,16.112518
330752,5.928975854550927,0.017324453,10.250029
332222,5.630268973464574,0.012700725,12.672153
335387,5.663554112051459,0.016547699,9.985418
335951,5.829431099791765,0.054926757,16.49106
336425,5.934043466988141,0.0833901,17.043243
340022,5.424931128862156,0.05719719,16.34551
340358,5.696175567313121,0.16754064,16.373217
341093,5.888008705397781,0.2976368,19.119286
343872,5.547917065371565,0.03631771,15.53987
350425,5.174967213278671,1.1944243,20.64651
352069,5.838096332526256,0.110269755,7.4451385
352765,5.77655981705302,0.08607035,17.107067
353981,5.583327863606059,0.18335988,18.298649
354490,5.746767190082718,0.03961286,15.768537
354704,5.867249895734349,0.10091387,16.129955
354706,5.889285233727533,0.062246505,15.6722975
355533,5.81951887245155,0.014791623,12.840255
361087,5.864947460366417,0.025223827,14.949857
365563,5.803299769175594,0.029569615,7.247358
368925,5.666254326843845,0.058899228,16.37664
370185,5.962322257799494,0.17216405,18.125153
370365,5.402293240652278,0.12995118,17.797644
372302,5.991839040181053,0.0497598,16.056316
373651,5.69737453970857,0.02889113,14.773242
374821,5.735389375515032,0.06447601,16.312366
374903,5.659186571515591,0.07136545,16.497213
375286,5.814990868597687,0.17936705,18.171734
375750,5.901283762684266,1.2608255,20.502571
380215,5.658466081761096,0.020364022,11.345673
380665,5.996645195671368,0.11657168,13.911168
381627,5.978227427771343,0.0937432,16.402185
382817,5.807986408657312,0.09579007,16.714607
383404,5.615808705800172,0.11941483,5.806673
384449,5.885487395260772,0.07576404,16.743742
386407,5.305112901891972,0.5695203,19.987492
391683,5.918532695718229,0.023568502,14.473472
392066,5.853153417892697,0.016331952,9.917962
392208,5.8971818344319615,0.025787897,9.848049
393143,6.096989475513458,0.2132776,18.515907
393779,5.66296881984524,0.18905489,18.20117
395054,5.805506668673482,0.04396516,15.907523
395971,5.807877641260716,0.05993911,16.55724
398271,5.697666671064036,0.19656944,18.62499
398882,5.279546353532468,0.015892832,13.638361
399001,5.832810785345009,0.2270337,18.831387
401435,5.7694092512075885,0.06586306,16.620106
404752,5.783192929651858,0.01924549,9.527674
404834,5.580992401387278,0.027017277,7.7115107
405804,5.805098982760357,0.016270874,13.0549555
408339,5.67700980548236,0.08029262,16.869148
408989,5.688337372535532,0.063500606,16.594248
409439,5.9469070520180605,0.1423508,17.832386
409967,5.868313875936777,0.20994706,18.375872
411468,5.576964780289557,0.0758094,16.854176
415908,5.697889673793947,0.038843066,6.83164
416503,5.669896921049836,0.014497088,12.562114
417303,5.82591194651143,0.024340004,8.482347
418112,5.47468746339603,0.17891352,18.170195
418694,5.741344450479295,0.080241114,16.614834
419416,5.773258176961702,0.03108328,7.9442835
421075,5.848947835659114,0.047400247,15.820458
424482,5.695515562914346,0.026189687,14.527084
426552,5.956101938149261,0.07300948,16.791933
427535,5.773459145215881,0.033328135,7.363313
430751,5.763387376057732,0.044060368,15.643738
432150,5.977293747610163,0.15768117,18.21288
433909,5.876699786284189,0.08394904,17.096754
439274,5.777220450378418,0.012571655,12.713085
443431,5.194657495623984,0.2806749,19.099886
447460,5.763667152251959,0.012068468,12.539467
449973,5.884892228198075,0.054358095,15.931371
451715,5.519760534913198,0.18348852,18.22975
456880,5.881436733035718,0.07270771,16.753916
472426,5.651139547532477,0.09148787,16.320726
474016,5.740439527608897,0.08259911,16.95601
474778,5.898681712312,0.020972501,10.325243
477997,5.99437260943465,0.053636115,16.226612
480760,5.533913439453443,0.15798165,17.912987
485799,5.787814043298494,0.031139357,15.342009
515167,5.8037338538652135,0.21913858,18.477255
515305,5.834002746829112,0.14770594,17.851067
515521,5.526607287434104,0.30804768,19.150248
519255,5.569086670347159,0.024723224,13.473418
520667,5.695632096766509,0.012408663,12.095674
531199,5.671331008709688,0.16414875,18.284613
533893,5.704835050055715,0.022668155,14.39983
534667,5.35192459127515,0.09190929,16.887377
539474,5.952961381807206,0.07210756,16.69721
539675,5.312875351620212,0.016862802,11.702143
540646,5.661230033300725,0.1310731,17.570538
540968,6.076781266680596,0.35191557,19.566536
542924,5.876286879182612,0.7383703,20.147188
543662,5.861986021831812,0.03073891,8.193308
543963,5.809403259770824,0.013423761,12.543678
544828,5.328695327401404,0.22055452,18.587683
545488,6.036141034451739,0.023782475,14.545278
545581,6.0622307861732745,0.17135145,18.199091
546650,5.75980965995753,0.05703238,16.328886
551604,6.088412787921712,0.013331228,12.280413
555178,5.715248133825212,0.106726855,17.360159
555261,5.3999546505513445,0.43023577,19.722206
557584,5.624135516561417,0.0928958,17.049835
558864,5.532687281375312,0.02088708,8.741654
560090,6.55786194903677,0.44304618,19.461393
561913,5.73180243246632,0.016732918,11.736816
562231,5.786479613608114,0.03967918,15.4838705
562702,5.864598105135713,0.097930394,17.427322
563362,5.869496281268429,0.043616973,15.845171
563506,5.69548134376751,0.07925639,17.043446
563566,5.491702680391644,0.18250594,18.208792
566071,5.3740449887288655,0.18115178,18.03798
568499,5.894050629462925,0.08633951,15.665785
570036,5.922871396036891,0.043779857,15.421505
570921,5.964606138942872,0.090557344,17.233856
573901,5.622527865036892,0.02941112,11.181266
575336,5.86933927943416,0.022972304,11.743104
575710,5.672712120432361,0.068442665,16.33631
575779,5.683237137043256,0.0634458,16.559519
579127,5.743320887432667,0.027969152,8.980829
580186,5.416425966124626,0.18746509,13.876534
580204,5.89667365045708,0.058777224,16.739359
580989,5.819586982476522,0.04187733,15.850898
581069,5.532595316382714,0.080933616,5.124061
582401,5.436736133042231,0.060566466,12.330759
583920,5.738669953164715,0.047027893,15.898319
584749,5.8122593577686965,0.017934196,10.158615
586177,6.003858700342678,0.07631096,17.012423
586346,5.590198545839188,0.073300384,16.781584
586385,6.187222023596298,0.27523598,18.998047
592728,5.657218193858999,0.06744411,16.779808
593801,5.5012744636794535,0.0324564,15.344355
594055,5.890459204940986,0.07015735,16.846365
594403,5.789485792727253,0.06170605,16.486244
594419,5.900262407034329,0.012496206,12.632132
594474,6.58329913987156,0.43536845,19.579958
598268,5.481624762190363,0.21383744,18.519087
599780,5.572419903231106,0.08939633,16.99717
601229,5.361786184822672,0.11027797,15.366528
601867,5.6380036867618255,0.07393009,16.934515
603192,5.457485083267937,0.044777304,15.609639
604812,5.876893173490036,0.05773917,15.769719
605681,5.477998166309745,0.051764973,16.268003
608453,5.647921031760178,0.015001347,13.409896
613001,5.639634006551511,0.020673284,13.566211
613049,5.79084867008716,0.04272763,16.156448
613977,5.984181254125324,0.078405365,17.080616
614636,5.864301456565976,0.08098026,16.93265
617743,5.7627048562583125,0.018048057,11.968357
617879,5.722429962429184,0.034923073,7.051008
619573,5.872818217975185,0.27326137,19.166653
622276,5.831946448494112,0.1297866,17.886911
622554,5.6332551488176135,0.18789102,18.339508
622901,5.022452750574874,0.8076268,19.621775
622905,6.221420881179466,0.2942238,18.949762
624345,6.09078503346234,0.11947876,17.64981
629609,5.982499896092044,0.11253407,17.515753
633874,5.541308021060226,0.10849156,17.542294
635533,5.775179427277671,0.028853545,15.30681
638074,5.808620689771053,0.22749312,18.870945
638905,5.456473436748102,0.1301209,18.039698
639282,5.75286652415738,0.015906364,10.738578
639355,5.425138499361094,0.15603855,14.547989
639631,5.469594636467014,0.07243343,16.899363
640550,5.861398065210663,0.045684427,16.010366
640987,5.528892746964626,0.37727535,19.256767
641498,5.386210922060268,0.22092476,17.944786
641694,5.719694788822774,0.16391,18.126484
646867,5.598763160856397,0.015020436,12.616196
647910,5.571284972062054,0.022382312,11.802953
648490,5.832250594844703,0.031942636,7.5040035
649758,5.824379643787014,0.016219543,11.993255
651137,5.824145356998161,0.08530276,16.788792
651926,5.494292983763752,0.13569844,17.71546
652024,5.719627478137778,0.015010166,12.763859
653297,5.46371917677219,0.08516178,17.131023
653826,5.792374415048304,0.18707612,18.448065
654707,5.557796388111411,0.13368535,17.904778
659668,5.825464427868697,0.056519385,16.116497
660213,5.648128076674725,0.026598161,9.778589
661154,5.581248721611289,0.017016817,11.871115
661289,5.775586464046997,0.015383179,13.235522
664768,5.654341719219425,0.10524299,17.303986
665425,5.388999039511268,0.25442168,18.446323
665427,5.386533140721117,0.02799698,14.960169
665514,5.681324311894793,0.019949658,14.04731
667585,5.437285264381384,0.17660719,15.511902
667922,5.791711035909564,0.039213702,15.718542
669197,5.742840236599643,0.02808022,15.056889
669763,5.756065884424566,0.03313891,15.167285
669853,5.614514064891966,0.18522814,18.449644
670414,5.57803942342273,0.053134955,16.430008
670658,5.730830076031479,0.016978014,9.636087
671018,5.47015426539238,0.017746296,9.943563
671661,5.86115425337747,0.085596316,17.143438
674410,5.783523823993874,0.018090125,12.567133
675599,6.223033798874191,0.49664164,19.686575
677124,5.3477788978675385,0.44425845,19.249008
678160,5.913543534489281,0.013199222,12.686955
682219,5.867714494072423,0.06642947,16.736279
682593,6.025159244654992,0.05502532,16.182142
684741,5.868044662957845,0.041899778,15.987871
686392,5.448431094551803,0.32264093,19.125046
689103,5.737642712408368,0.017828774,10.078821
689233,6.039860727711329,0.10918757,17.644463
689826,5.782960652934089,0.10821707,17.538733
690103,5.778333876737563,0.016089616,9.652899
691110,6.027492264360409,0.056102566,16.447884
691622,5.536642688030306,0.034367327,15.4525385
691761,5.76920766456847,0.045685563,16.108362
693004,5.752417650726145,0.13801032,17.969357
693296,5.650515280599118,0.013844559,11.978837
694370,5.80153132104048,0.019792479,9.854408
694372,5.821066833288591,0.042922195,15.52935
694448,5.690216183193966,0.03209786,15.292887
694581,5.8312703258188,0.07647533,16.31168
695160,5.464395223641043,0.19669221,16.614141
698229,5.93103184840108,0.039173756,15.488787
698469,5.880191633712741,0.06559471,16.673834
701832,5.330583673863561,0.086005025,17.091879
704248,5.899955795544639,0.013376882,12.638835
705095,5.868500286869298,0.015086903,10.425828
705841,5.677484713118972,0.1247867,4.9542418
708305,5.435214782606861,0.02625434,13.3881855
708310,5.40601045949222,0.026115308,13.581964
708803,6.056729856114862,0.08479385,17.19307
709586,5.993800276506982,0.21036868,18.645117
709809,5.746701160618581,0.015314413,9.945773
711187,6.035800654435006,0.062435936,16.488422
711408,5.970447011948663,0.054330703,16.313036
713585,5.592265786400813,0.020435404,12.218696
714684,5.877869153510963,0.08204995,16.862469
717870,6.057171677822922,0.07774314,17.042776
718284,5.643529859386241,0.038671836,15.675555
719030,6.187139325369193,0.108879305,17.40427
720748,5.664185383596616,0.11660348,17.528337
721702,5.680764336918963,0.060152505,16.225641
722327,5.695560364960738,0.031861182,14.962173
722747,5.590147449640464,0.01532402,11.759997
722837,5.646572689681896,0.017682625,13.652839
723165,5.855670087619245,0.2954103,18.384668
724447,5.994751392154448,0.15198454,17.721344
725415,5.368193274052728,0.08016921,16.725397
725502,6.118217366358953,0.061657563,9.109321
726636,5.495440546004389,0.40593225,19.608612
728965,5.894104192652834,0.06629131,16.62928
729582,5.568460874643535,0.021933584,11.9899235
730132,5.784207319686574,0.021871924,11.427623
733732,5.860235032566175,0.11263133,17.44789
736683,5.615069229045593,0.24877158,18.902401
739279,5.479954975430897,0.2668492,18.80334
739315,5.3029363156178615,0.12195804,16.901001
740764,5.84520800837664,0.0135828545,12.567945
743876,6.170358865315904,0.26214233,19.007973
744064,5.885910434571099,0.26753277,18.924843
744904,5.71376872328763,0.065958045,14.134523
745127,5.623788212844001,0.029927822,14.61112
745128,5.668693065362467,0.059505824,16.324642
745382,5.984922876830004,0.041127335,15.632759
745533,5.968445126096914,0.06152455,14.556968
745650,5.812386790011833,0.044097967,15.87603
746464,5.811888201370394,0.091276415,17.29046
748479,5.698608585303135,0.033191033,7.8719835
749086,5.5861560411127655,0.045542076,15.834481
752124,5.532798668777326,0.037932966,15.659975
753480,5.858097635692837,0.13904369,17.969873
755976,6.185193147811033,0.40732887,19.734627
757740,6.095926170707696,0.044435535,6.068375
760452,5.787156431068029,0.06995415,7.858462
760732,5.8370092248666126,0.2321086,18.658373
760956,5.743135726342043,0.02186043,11.409828
764012,5.578567336159399,0.29873332,19.25373
764148,5.928104797417769,0.15722221,17.964085
764431,5.894149106350809,0.12094791,17.800005
770325,5.856347735113664,0.034958158,7.6172724
775081,5.634362691158928,0.15586187,18.186419
778455,5.634134808801449,0.026736125,8.14991
779088,5.684302559823747,0.023253633,8.405918
780202,5.913797775105562,0.08537526,17.039343
782737,5.61326605460455,0.07600522,16.962038
784758,5.7089301856833226,0.021934383,11.15448
793139,5.713107014856744,0.037151672,12.740346
793628,5.815752674352874,0.052219365,16.306187
794532,5.653721906829063,0.0880766,17.241867
794586,5.608045364504027,0.021318668,10.155677
794706,5.935288097628515,0.039047424,9.095269
795439,5.7277949826800905,0.09209382,17.1955
799378,5.47910133707462,0.273248,18.858982
804098,6.227336466509359,0.2072418,18.658222
805382,5.777278339896697,0.08624311,17.083487
811123,5.8397484125198265,0.0376296,15.650331
815040,5.800426445531842,0.014276756,12.502744
815864,5.662177017970437,0.0133324275,12.652797
817031,5.568367834020551,0.025054744,14.762328
818572,5.30988311646798,0.020471485,14.537876
818846,5.7602705733229564,0.05741011,16.399576
819246,5.385838287840445,0.4246537,19.462893
819548,5.51755838308733,0.086571336,17.337563
819688,5.854573745485253,0.04842713,16.054457
820026,5.743126876895775,0.01604225,12.816582
820585,5.768756931618153,0.012094173,12.353194
823161,6.10968443735091,0.14760247,17.956133
823742,5.35378011305004,0.12842317,17.814554
824174,5.696595461722166,0.10073078,17.377468
824237,5.867255176906527,0.06594718,16.684082
825278,5.601062253700818,0.022168513,8.411223
825370,5.681126703564632,0.05074572,16.066536
826588,5.974065656707982,0.10773289,17.580841
829462,5.854589553630346,0.32351318,19.129747
833519,5.5385618571826765,0.053204168,16.371367
834322,6.096087566839301,0.3325324,19.021902
837556,5.703722037813304,0.048515566,16.072773
839724,6.02070658171956,0.11313657,17.85933
842310,5.76006360889363,0.014344156,12.582087
843870,5.752083663685645,0.11707326,17.540108
845310,5.78981577367445,0.030302733,15.359313
847503,5.890358488620496,0.021429304,14.418515
848290,5.321045586549687,0.28265852,19.108644
851699,5.541612672361814,0.05900426,16.698526
852922,5.669355516980437,0.044383604,16.140064
858645,5.747379593956,0.036444232,15.623406
858952,5.751435817480994,0.032148007,15.471647
860406,5.479461832241343,0.023809588,8.579758
861731,5.426576221763484,0.03626648,15.642842
861749,5.840574788245864,0.09203878,17.107578
862041,5.275115282621431,0.17669764,16.948502
862949,5.422942325199944,0.04154198,7.1732097
863111,5.001628282871741,0.020537913,11.269832
867711,5.820229257626386,0.016859574,9.122821
868642,5.295153434775369,0.12380846,18.035192
869168,5.713042053794154,0.1274894,17.873184
869567,5.707023911338103,0.021127054,8.73505
872173,5.737858822184703,0.082501866,16.689285
876813,5.8373442426051865,0.03594708,15.764667
882269,5.743788513197907,0.028174814,14.862582
885599,5.658348486791796,0.017216735,11.94834
891586,5.728326841742001,0.035744853,6.927946
893427,6.165167091460965,0.1220351,17.833424
893951,5.750531381651552,0.07025714,16.230644
895102,5.795205872371391,0.015763879,10.539244
895922,5.71231217828038,0.063421175,16.632917
897520,5.807283186674901,0.02221495,14.243975
901944,5.896328514654134,0.23732843,18.689514
902530,5.786016057652028,0.10386066,5.5509315
904571,5.973444663764096,0.108246125,17.454311
906979,5.988742618308248,0.03567971,15.399414
906980,6.045699017883511,0.05130691,16.205542
908716,5.656638995223353,0.15896598,18.225424
908838,5.555217610291494,0.044316843,8.101775
911741,5.546826880022987,0.05866983,16.43729
914272,5.8500766074008,0.10379153,17.411352
916520,5.426075054919547,0.041375797,14.979162
919315,5.7415013649175,0.014742953,11.9674635
919682,5.936503520952016,0.14848626,18.082798
919971,5.664024649226236,0.02679647,14.901358
921011,5.735759800890126,0.01836763,11.092926
924823,5.39914096837864,0.24628305,18.201607
924831,5.633868342249479,0.015823774,9.794472
926120,5.722814907041117,0.017400892,13.824242
931189,5.833356625657817,0.034823213,15.375821
934125,5.668533917833109,0.033038244,15.35869
934427,5.6074372671520765,0.25451225,16.914877
935647,5.901252669833509,0.078286715,17.035458
937980,5.808110465912508,0.5235359,19.87551
939100,6.184836384047821,0.036014564,7.2745633
939224,5.862302732800703,0.057115957,16.138174
940052,5.765340709952374,0.08922754,5.009382
941257,5.88186936886287,0.05715408,16.423388
944696,5.822252310206284,0.027130468,13.596615
944744,5.793926303111781,0.091907166,17.099892
944766,5.842535915063003,0.065964505,16.792246
948217,5.75782323392173,0.08259523,17.175909
949231,5.561225864103804,0.020133309,11.474267
949408,5.791336734903327,0.10732991,17.66185
949409,5.619414818095233,0.05179125,16.330843
950498,5.681716351227562,0.083614565,5.2972746
950583,6.414971190771207,0.47253013,18.396664
953422,5.519179188383537,0.040460818,8.923435
955764,5.860287812945968,0.06761024,16.611805
955976,5.524806784518671,0.15005971,17.92506
956032,5.546080075729636,0.047332853,15.7413845
957790,5.942814929044094,0.1302421,17.92159
957872,5.476602940795812,0.027449913,14.8636465
959047,5.579779163299459,0.013568512,13.028779
959382,5.759271295513034,0.26099905,18.962654
959586,5.3326499855956095,0.21674742,18.693295
959647,5.731743854302766,0.10380305,17.562807
959940,5.693913447349543,0.06519663,16.723953
960173,5.720706726550607,0.016537184,9.106703
960436,5.521462786054297,0.19933121,18.62656
960830,5.940370690258447,0.22222401,18.685205
962521,5.3456189896634845,0.077190176,17.156956
963045,5.658399343123894,0.08721967,17.01395
964576,5.636268445585939,0.4593541,19.711159
971398,5.871020774008471,0.046092913,14.905404
990519,5.832370642599527,0.036456946,15.267381
990585,5.887890858572628,0.09675918,17.153994
1020042,5.468518154791815,0.20975144,18.583935
1029525,5.43889481543811,0.04793839,15.954181
1040639,5.880570846855528,0.01646629,8.921372
1041993,5.743190519136233,0.013467852,13.257548
1043342,5.741946555691383,0.057138465,16.507042
1047757,5.759900329798131,0.051243447,15.182199
1047758,5.701309937575163,0.055023327,15.406865
1052511,5.74492106498193,0.19404069,18.487888
1052515,5.96949520293073,0.267386,17.522993
1056151,5.9550419978265134,0.05950707,16.286083
1058724,5.068065148288033,0.18959494,10.2764015
1060830,5.777689198855271,0.020172909,14.016416
1063922,5.933994988709081,0.025109418,11.334377
1076882,5.840591577454963,0.12113422,17.456219
1077014,5.694703815616509,0.04296622,15.732583
1077247,5.740115433546372,0.4326742,15.875373
1079175,5.973973930674785,0.0467347,15.880117
1082072,5.678327160982294,0.09570828,16.45423
1082395,5.80357553059687,0.07234555,11.702181
1084775,5.736122224802378,0.031129263,15.216316
1085220,5.70737782984438,0.026763972,14.792277
1085322,6.339329470940635,0.818659,20.307432
1086371,5.831432788121124,0.032918714,15.06224
1087899,5.969228520118024,0.14725326,17.960024
1088567,5.907411005398987,0.18026511,18.489906
1089152,5.759803002635596,0.0148373945,9.863218
1089187,5.939045565497676,0.03877544,15.718051
1089294,5.719305318309143,0.042515483,15.944825
1091643,5.61884458226737,0.17429206,18.345371
1091683,6.192559899308932,0.28557372,19.123898
1091926,5.595501450176081,0.09837888,17.024038
1092031,5.849958062014171,0.07078503,16.790796
1092778,5.7683776840100895,0.041014466,15.88123
1092978,5.594829378461087,0.05525651,15.555117
1093570,5.915446557360176,0.04883703,16.253119
1094287,5.928472764077983,0.07323226,16.79095
1095500,5.643086807952235,0.1361619,17.799911
1095547,5.634069497255663,0.053967312,16.056265
1095719,5.977215992502738,0.20016088,18.457115
1098702,5.667840540579015,0.06532076,16.608305
1099166,5.967864433131223,0.11925977,17.71355
1099605,5.312467055665815,0.15375495,18.110037
1099829,5.748265910276883,0.10189258,17.17591
1100399,5.8749908593553535,0.01619416,11.839821
1100591,5.798156880276681,0.012610843,12.600674
1101010,6.0899020591134585,0.03316308,12.622057
1101483,5.656576441427981,0.106746286,17.57223
1102951,5.8460473009320575,0.049573425,16.130255
1103823,5.74777803061508,0.18020472,18.40302
1104198,5.863324055805142,0.017746085,13.787477
1104826,5.736022848786051,0.026300708,14.814914
1105017,5.746344754986147,0.015500428,9.088406
1105086,6.348225400872971,0.29135758,19.1988
1106475,5.532856371592768,0.06825447,16.615469
1107022,5.859710550550966,0.0688309,16.906004
1107057,5.772863523770615,0.14836171,18.25099
1107435,5.5503223278805685,0.028309539,14.831182
1108679,5.77991798067604,0.05607426,16.287989
1116520,5.344377366289996,0.099451594,11.472632
1122718,5.627130448415048,0.1665124,18.036747
1128463,6.092555105807112,0.061673615,16.345156
1129181,5.527167519532232,0.20286667,18.473259
1129348,5.846944680676111,0.013178132,12.346906
1129502,5.746402081668502,0.016010547,12.99155
1129762,5.790780785688833,0.06811103,16.650724
1130918,5.719196186727646,0.07916076,17.007961
1132047,5.786238009755192,0.05906702,16.422688
1138179,5.6441162445962725,0.030967068,7.6438937
1139001,5.564334368470709,0.17261013,18.36848
1139162,5.684949382086801,0.08562595,17.201874
1139852,5.62785102333886,0.13224174,17.536077
1140469,5.741032028042343,0.013334791,11.738529
1141128,5.669486360556011,0.11825095,17.907602
1141716,5.748186996326613,0.07942479,17.08498
1143939,5.711218844863327,0.10077398,17.45717
1144253,5.853666604505862,0.03377739,15.595994
1145168,5.728343098988352,0.03150674,14.819121
1145741,5.818306661861673,0.017347286,9.479051
1168685,5.813606313178879,0.031002043,15.376421
1181857,5.936468133728424,0.027324172,14.809579
1199724,5.506620846358032,0.112775594,17.42805
1212302,5.834462982129984,0.017434377,13.840755
1225992,5.763784980388633,0.3428568,19.30763
1226420,5.93558888648397,0.034808137,7.3661838
1226525,5.903747592889976,0.023156699,8.76269
1231500,5.773457002725499,0.034355417,15.43236
1234190,5.582880217465238,0.019430531,14.221143
1234527,5.876277710907192,0.27895236,19.042585
1235377,5.897722112507895,0.064813875,16.7084
1237610,5.63081440821955,0.04357999,15.959175
1242667,5.699079345902756,0.03731417,15.436443
1243790,5.913154243602442,0.11099437,17.635075
1244668,6.11184687676672,0.31552213,19.28743
1244673,5.659940637652652,0.12498087,17.866348
1245089,6.036562952078897,0.12891053,17.58768
1247123,5.261872997256105,0.40437153,19.641907
1249129,5.560398621347319,0.11328521,17.6121
1249587,5.800807994071526,0.049866587,9.980366
1256023,5.98062176431032,0.13591811,16.339674
1256296,5.817590255555165,0.057107955,16.087057
1258235,6.280722972939694,0.1932143,18.175518
1258593,5.803627413156366,0.19494854,18.326666
1260438,5.599549140648229,0.020640634,11.629225
1265975,5.662807178974246,0.118031286,17.753407
1267735,5.7853752151628015,0.023190686,11.684687
1269412,5.903107077143953,0.021468407,14.355854
1271499,5.661752850333681,0.012913564,13.057942
1272641,5.819992551778172,0.06880886,16.866627
1274182,5.967256135575397,0.06160209,16.733843
1274567,5.544925359413091,0.022374341,14.277704
1274774,5.842743351663416,0.017844338,10.9754
1274867,5.585629033101284,0.019310834,11.874371
1277664,5.6040761228288485,0.17378812,14.525992
1278130,5.777315227231009,0.08767624,17.357405
1278582,5.701109633397374,0.15493692,18.132103
1283475,5.740409038299971,0.05243521,16.362305
1286642,5.921942881393063,0.04812953,16.037369
1291518,5.734002758293262,0.26016828,18.871233
1297406,6.468798185655736,0.30618098,19.317274
1299386,5.631372594524092,0.0247296,8.598094
1301927,6.157912845342662,0.1592173,12.827847
1314142,5.481073047990623,0.032811295,15.575207
1323732,5.851258887596114,0.11238323,17.547922
1334168,5.6726883566962485,0.20456286,18.406094
1337791,5.717104617047103,0.029570049,15.005428
1341961,5.650371143773775,0.17009622,18.347569
1342205,5.872371725420605,0.042021263,11.027528
1346204,5.793807646652714,0.021642398,14.532114
1347391,5.889739203056156,0.09614178,17.387907
1351389,5.870720353767571,0.01983168,9.948243
1363214,5.546462358962668,0.012464712,13.065601
1422496,5.146451155018431,0.016829303,9.949155
1446858,6.243226630943377,0.7698946,20.355247
1447088,5.331900563741275,0.02504855,14.819953
1452958,5.560763357048292,0.13624877,18.091642
1453777,5.74188874664918,0.020499418,11.445445
1454258,5.861503809230836,0.029177018,12.507357
1459450,5.7777557518982565,0.03313962,15.296522
1459709,6.030864691925371,0.079133116,6.603465
1466338,5.8067790273266615,0.07205905,16.60966
1472485,4.865888727469843,0.054620147,16.471725
1476496,5.590155420937328,0.03004273,15.259513
1476497,5.634645623186119,0.033811226,15.551594
1477331,5.804078353194661,0.06835893,16.651405
1500157,5.574633518532495,0.053899873,14.309945
1501339,5.827935867527174,0.05625697,16.488525
1512171,5.800471101923652,0.05028081,16.184504
1538094,5.60777606595482,0.10948395,14.727159
1579192,5.561500951625831,0.026223937,14.763488
1584724,5.440441933507262,0.1253295,17.375696
1586593,5.809429008079713,0.07587927,16.41376
1600801,5.676592517102633,0.019931309,12.3350115
1601317,6.130060417946592,0.1562077,18.235693
1601449,5.927827497431765,0.0143314665,12.785024
1603865,5.812770813532658,0.11746179,17.481594
1610484,5.451834372978907,0.1255889,17.696173
1623962,5.650026554472418,0.030471658,6.8727107
1633206,5.36259083102484,0.053789858,11.455104
1644496,6.0834809393768,0.079380415,16.803675
1645329,6.0797982837039815,0.027673976,12.252605
1646444,5.67698682784896,0.08038806,16.67488
1650857,5.366296186007996,0.106334895,13.791013
1650914,5.754884763777529,0.21821794,18.676285
1654875,5.618431973882181,0.018528836,8.91253
1655546,5.9945238809345325,0.079564124,16.920933
1658514,5.798802754482225,0.036960304,15.642156
1658725,6.319296211351582,0.61880475,19.618685
1659291,5.738036199460769,0.028350318,14.994267
1660944,5.862283795235813,0.03295014,8.152738
1661919,5.459784637060427,0.014277741,13.0365925
1662197,6.084150723603821,0.11529323,17.597519
1662409,6.041224027351184,0.30102617,14.083393
1662577,6.524001816094941,0.041975517,15.629299
1662742,5.782347425784266,0.040183295,15.801087
1663194,6.101855239615626,0.26233277,18.48979
1663195,5.614687068219832,0.022915334,11.650108
1664020,5.9103849734811496,0.07588978,16.473104
1664864,5.9920134527709,0.10303764,17.431957
1668821,5.599177528468839,0.054564085,16.00721
1670028,5.773119523169064,0.016970523,9.620044
1670798,5.406574851380861,0.3058073,18.736765
1670842,5.667033788623511,0.27181947,18.541435
1672004,6.0856202995798805,0.21127284,18.583132
1672068,5.7865788610549895,0.11387835,17.493956
1674959,5.934096471107302,0.09013235,16.944883
1675038,5.908773868174234,0.067090176,16.251432
1676019,6.029080826328186,0.048815466,15.06317
1677366,5.780094190858792,0.23419802,18.484194
1678870,5.596194514783273,0.06405296,16.80439
1680618,5.5364347732465005,0.07513962,16.944912
1680993,5.514424646779793,0.18463321,18.237217
1682032,5.990972331804007,0.19011281,17.94754
1682363,5.579305959897959,0.025414784,7.621414
1683737,6.262870136289603,0.8456322,20.545582
1683866,5.745592598531025,0.015124608,9.172591
1684042,5.203398194424211,0.8491011,20.416367
1733777,5.763083602898753,0.10307671,17.273087
1743586,5.669574199132431,0.064587235,16.314821
1761370,6.033817729390604,0.046457224,16.078728
1763637,5.841548986997926,0.11012522,17.31719
1766152,6.080065841601781,0.031241449,6.1776633
1766308,5.613689776761788,0.06699868,16.625982
1768532,5.517437872222847,0.1463167,17.761152
1774113,5.492235901065593,0.037787586,15.648684
